Entrez ID	Gene Symbol	Gene Name	Refseq mRNA	Refseq Protein	Ensembl Gene ID	UCSC Genomic Coordinates	GO Categories	Sources
207	AKT1	v-akt murine thymoma viral oncogene homolog 1	NM_001014431	NP_005154.2	ENSG00000142208	chr14:104307722 - 104330025	anagen;apoptosis;apoptotic mitochondrial changes;ATP binding;carbohydrate metabolic process;cytoplasm;G-protein coupled receptor protein signaling pathway;germ cell development;glucose metabolic process;glucose transport;glycogen biosynthetic process;identical protein binding;inflammatory response;insulin receptor signaling pathway;insulin-like growth factor receptor signaling pathway;lamellipodium;nitric oxide biosynthetic process;nucleotide binding;nucleus;peptidyl-serine phosphorylation;protein amino aci	Alpha6Beta4 Integrin,  Androgen Receptor,  EGFR1,  Kit Receptor,  TNF_alpha_NF_kB,  Wnt,  Hahn and Weinberg 2002,  Protein Kinase,  Stability,  Tumor Suppressor,  Entrez Query:Oncogene
408	ARRB1	arrestin, beta 1	NM_004041, NM_020251	NP_004032.2, NP_064647.1	ENSG00000137486	chr11:74654854 - 74740299	cytoplasm;enzyme inhibitor activity;heterotrimeric G-protein complex;membrane fraction;plasma membrane;protein binding;response to stimulus;sensory perception;signal transduction;soluble fraction	Wnt
409	ARRB2	arrestin, beta 2	NM_004313, NM_199004	NP_004304.1, NP_945355.1	ENSG00000141480	chr17:4560765 - 4571083	cytoplasm;nucleus;plasma membrane;protein binding;response to stimulus;sensory perception;signal transduction	TGFBR,  Wnt,  Stability,  Tumor Suppressor
8312	AXIN1	axin 1	NM_003502, NM_181050	NP_003493.1, NP_851393.1	ENSG00000103126	chr16:278122 - 337026	apoptosis;beta-catenin destruction complex;cell cycle;cytoplasm;intracellular;lateral plasma membrane;multicellular organismal development;negative regulation of progression through cell cycle;nucleus;oocyte axis determination;protein binding;signal transducer activity;Wnt receptor signaling pathway through beta-catenin	TGFBR,  Wnt,  Tumor Suppressor
8313	AXIN2	axin 2 (conductin, axil)	NM_004655	NP_004646.3	ENSG00000168646	chr17:60956555 - 60985200	intracellular;multicellular organismal development;nucleus;signal transducer activity;signal transduction;Wnt receptor signaling pathway	TGFBR,  Wnt,  Vogelstein and Kinzler 2004,  Protein Kinase,  Stability
29117	BRD7	bromodomain containing 7	NM_013263	NP_037395.2	ENSG00000166164	chr16:48910622 - 48960186	cytoplasm;histone binding;nucleus;regulation of transcription from RNA polymerase II promoter;transcription factor binding;Wnt receptor signaling pathway	Wnt
8945	BTRC	beta-transducin repeat containing	NM_003939, NM_033637	NP_003930.1, NP_378663.1	ENSG00000166167	chr10:103103927 - 103300607	endoplasmic reticulum;ligase activity;protein binding;signal transduction;ubiquitin cycle;ubiquitin-dependent protein catabolic process;Wnt receptor signaling pathway	TGFBR,  TNF_alpha_NF_kB,  Wnt,  Stability,  Tumor Suppressor
815	CAMK2A	calcium/calmodulin-dependent protein kinase (CaM kinase) II alpha	NM_015981, NM_171825	NP_057065.2, NP_741960.1	ENSG00000070808	chr5:149582465 - 149649381	activation of NF-kappaB transcription factor;ATP binding;calcium- and calmodulin-dependent protein kinase complex;calmodulin binding;nucleotide binding;protein amino acid phosphorylation;protein serine/threonine kinase activity;transferase activity	EGFR1,  TGFBR,  Wnt,  Protein Kinase
816	CAMK2B	calcium/calmodulin-dependent protein kinase (CaM kinase) II beta	NM_172080, NM_172083, NM_172079, NM_172081, NM_172084, NM_172082, NM_172078, NM_001220	NP_742077.1, NP_742080.1, NP_742076.1, NP_742078.1, NP_742081.1, NP_742079.1, NP_742075.1, NP_001211.3	ENSG00000058404	chr7:44226185 - 44331545	ATP binding;calmodulin binding;nucleotide binding;protein amino acid phosphorylation;protein serine/threonine kinase activity;signal transduction;transferase activity	TGFBR,  Wnt,  Protein Kinase
817	CAMK2D	calcium/calmodulin-dependent protein kinase (CaM kinase) II delta	NM_172128, NM_172127, NM_001221	NP_742126.1, NP_742125.1, NP_001212.2	ENSG00000145349	chr4:114596359 - 114901673	ATP binding;calcium- and calmodulin-dependent protein kinase complex;calmodulin binding;kinase activity;nucleotide binding;protein amino acid phosphorylation;protein serine/threonine kinase activity;regulation of cell growth;transferase activity	TGFBR,  Wnt,  Protein Kinase
818	CAMK2G	calcium/calmodulin-dependent protein kinase (CaM kinase) II gamma	NM_001222, NM_172169, NM_172173, NM_172171, NM_172170	NP_001213.2, NP_751909.1, NP_751913.1, NP_751911.1, NP_751910.1	ENSG00000148660	chr10:75244778 - 75304225	ATP binding;calcium- and calmodulin-dependent protein kinase complex;calcium-dependent protein serine/threonine phosphatase activity;calmodulin binding;cellular_component;insulin secretion;nucleotide binding;protein amino acid phosphorylation;protein serine/threonine kinase activity;signal transduction;transferase activity	TGFBR,  Wnt,  Protein Kinase
983	CDC2	cell division cycle 2, G1 to S and G2 to M	NM_001786, NM_033379	NP_001777.1, NP_203698.1	ENSG00000170312	chr10:62209929 - 62223739	anti-apoptosis;ATP binding;cell cycle;cell division;cyclin-dependent protein kinase activity;midbody;mitosis;nucleotide binding;nucleus;protein amino acid phosphorylation;protein binding;regulation of progression through cell cycle;spindle microtubule;transferase activity;traversing start control point of mitotic cell cycle	Androgen Receptor,  Hedgehog,  TGFBR,  Wnt,  Protein Kinase,  Stability,  Tumor Suppressor
995	CDC25C	cell division cycle 25 homolog C (S. pombe)	NM_001790, NM_022809	NP_001781.2, NP_073720.1	ENSG00000158402	chr5:137649279 - 137694768	cell cycle;cell division;cell proliferation;cellular_component;hydrolase activity;intracellular;M phase of mitotic cell cycle;nucleus;protein amino acid dephosphorylation;protein binding;protein tyrosine phosphatase activity;regulation of cyclin-dependent protein kinase activity;regulation of mitosis;traversing start control point of mitotic cell cycle	Wnt,  Phosphatase,  Protein Kinase
999	CDH1	cadherin 1, type 1, E-cadherin (epithelial)	NM_004360	NP_004351.1	ENSG00000039068	chr16:67328819 - 67424903	calcium ion binding;cell adhesion;homophilic cell adhesion;integral to membrane;membrane;molecular_function;protein binding	Wnt,  Futreal et al 2004,  Vogelstein and Kinzler 2004,  Stability,  Tumor Suppressor,  Frameshift mutation,  Missense mutation,  Nonsense mutation,  Splicing mutation
1044	CDX1	caudal type homeobox transcription factor 1	NM_001804	NP_001795.2	ENSG00000113722	chr5:149526632 - 149543436	nucleus;organ morphogenesis;pattern specification process;regulation of transcription, DNA-dependent;sequence-specific DNA binding;transcription factor activity	Wnt,  Entrez Query:Oncogene
1452	CSNK1A1	casein kinase 1, alpha 1	NM_001892	NP_001883.4	ENSG00000113712	chr5:148856608 - 148910720	ATP binding;casein kinase I activity;nucleotide binding;protein amino acid phosphorylation;protein serine/threonine kinase activity;transferase activity;Wnt receptor signaling pathway	Wnt,  Stability
1453	CSNK1D	casein kinase 1, delta	NM_001893, NM_139062	NP_001884.2, NP_620693.1	ENSG00000141551	chr17:77795945 - 77824546	ATP binding;casein kinase I activity;DNA repair;nucleotide binding;protein amino acid phosphorylation;protein binding;protein serine/threonine kinase activity;signal transduction;transferase activity;Wnt receptor signaling pathway	Wnt,  Protein Kinase,  Stability
1454	CSNK1E	casein kinase 1, epsilon	NM_152221	NP_689407.1	ENSG00000100181	chr22:37019238 - 37040108	ATP binding;casein kinase I activity;DNA repair;nucleotide binding;protein amino acid phosphorylation;protein binding;protein serine/threonine kinase activity;signal transduction;transferase activity	Wnt,  Protein Kinase,  Stability
1459	CSNK2A2	casein kinase 2, alpha prime polypeptide	NM_001896	NP_001887.1	ENSG00000070770	chr16:56755475 - 56789141	ATP binding;nucleotide binding;protein amino acid phosphorylation;protein kinase CK2 activity;protein N-terminus binding;protein serine/threonine kinase activity;signal transduction;spermatid development;transferase activity;Wnt receptor signaling pathway	TNF_alpha_NF_kB,  Wnt,  Protein Kinase
1460	CSNK2B	casein kinase 2, beta polypeptide	NM_001320	NP_001311.3	ENSG00000111968	chr6:31742587 - 31745682	identical protein binding;kinase activity;protein kinase CK2 activity;protein kinase CK2 complex;protein kinase CK2 regulator activity;signal transduction;Wnt receptor signaling pathway	TNF_alpha_NF_kB,  Wnt,  Protein Kinase,  Stability
1487	CTBP1	C-terminal binding protein 1	NM_001012614, NM_001328	NP_001012632.1, NP_001319.1	ENSG00000159692	chr4:1196027 - 1232743	cofactor binding;metabolic process;NAD binding;negative regulation of cell proliferation;nucleus;oxidoreductase activity;oxidoreductase activity, acting on the CH-OH group of donors, NAD or NADP as acceptor;protein amino acid phosphorylation;protein C-terminus binding;transcription factor binding;viral genome replication	Wnt
1488	CTBP2	C-terminal binding protein 2	NM_022802, NM_001083914	NP_073713.2, NP_001320.1	ENSG00000175029	chr10:126668076 - 126706318	cofactor binding;metabolic process;NAD binding;negative regulation of cell proliferation;nucleus;oxidoreductase activity;oxidoreductase activity, acting on the CH-OH group of donors, NAD or NADP as acceptor;viral genome replication	Wnt
1499	CTNNB1	catenin (cadherin-associated protein), beta 1, 88kDa	NM_001904	NP_001895.1	ENSG00000168036	chr3:41240563 - 41255837	alpha-catenin binding;androgen receptor binding;androgen receptor signaling pathway;apical part of cell;basolateral plasma membrane;beta-catenin destruction complex;binding;bone resorption;cadherin binding;cell fate determination;cell fate specification;cell maturation;cell-cell adherens junction;cell-cell adhesion;cellular morphogenesis during differentiation;chromatin binding;cytoplasm;cytoskeleton;dorsal/ventral axis specification;ectoderm development;embryonic arm morphogenesis;embryonic digit morphogen	Androgen Receptor,  TGFBR,  Wnt,  Futreal et al 2004,  Mitelman 2000,  Vogelstein and Kinzler 2004,  Stability,  Tumor Suppressor,  Entrez Query:Oncogene,  Missense mutation
8454	CUL1	cullin 1	NM_003592	NP_003583.2	ENSG00000055130	chr7:148058147 - 148128607	cell cycle;cell cycle arrest;G1/S transition of mitotic cell cycle;induction of apoptosis by intracellular signals;negative regulation of cell proliferation;protein binding;ubiquitin cycle	NOTCH,  TGFBR,  TNF_alpha_NF_kB,  Wnt,  Tumor Suppressor
80319	CXXC4	CXXC finger 4	NM_025212	NP_079488.1	ENSG00000168772	chr4:105612927 - 105631901	cellular_component;DNA binding;negative regulation of Wnt receptor signaling pathway;PDZ domain binding;zinc ion binding	Wnt
23002	DAAM1	dishevelled associated activator of morphogenesis 1	NM_014992	NP_055807.1	ENSG00000100592	chr14:58799948 - 58905330	actin binding;actin cytoskeleton organization and biogenesis;cellular component organization and biogenesis;Rho GTPase binding	Wnt
1601	DAB2	disabled homolog 2, mitogen-responsive phosphoprotein (Drosophila)	NM_001343	NP_001334.2	ENSG00000153071	chr5:39410877 - 39430179	cell proliferation;cellular morphogenesis during differentiation;coated pit;excretion;in utero embryonic development;pinocytosis;protein C-terminus binding;receptor-mediated endocytosis	TGFBR,  Wnt
22943	DKK1	dickkopf homolog 1 (Xenopus laevis)	NM_012242	NP_036374.1	ENSG00000107984	chr10:53744200 - 53746573	embryonic limb morphogenesis;extracellular region;growth factor activity;low-density lipoprotein receptor binding;multicellular organismal development;negative regulation of Wnt receptor signaling pathway;plasma membrane;protein binding;signal transducer activity;Wnt receptor signaling pathway	Wnt,  Tumor Suppressor
1739	DLG1	discs, large homolog 1 (Drosophila)	NM_004087, NM_001098424	NP_004078.2, NP_001091894.1	ENSG00000075711	chr3:198255890 - 198508472	actin filament organization;basolateral plasma membrane;cell-cell adherens junction;cell-cell adhesion;cortical actin cytoskeleton organization and biogenesis;cytoskeletal protein binding;endoplasmic reticulum;endothelial cell proliferation;establishment and/or maintenance of cell polarity;G1/S transition checkpoint;guanylate kinase activity;negative regulation of progression through mitotic cell cycle;phosphatase binding;phosphoprotein phosphatase activity;plasma membrane;positive regulation of body size;p	Wnt,  Protein Kinase,  Stability
1740	DLG2	discs, large homolog 2, chapsyn-110 (Drosophila)	NM_001364	NP_001355.2	ENSG00000150672	chr11:82848508 - 84311810	guanylate kinase activity;plasma membrane;protein binding	Wnt
1742	DLG4	discs, large homolog 4 (Drosophila)	NM_001128827, NM_001365	NP_001122299.1, NP_001356.1	ENSG00000132535	chr17:7034750 - 7061190	cortical cytoskeleton;learning;nervous system development;postsynaptic membrane;protein binding;protein C-terminus binding;protein complex assembly;signal transduction;synaptic transmission	Wnt
1855	DVL1	dishevelled, dsh homolog 1 (Drosophila)	NM_004421	NP_004412.2	ENSG00000107404	chr1:1261384 - 1274308	anatomical structure morphogenesis;cytoplasm;heart development;intracellular;intracellular signaling cascade;molecular_function;multicellular organismal development;protein binding;signal transducer activity;Wnt receptor signaling pathway	TGFBR,  Wnt
1856	DVL2	dishevelled, dsh homolog 2 (Drosophila)	NM_004422	NP_004413.1	ENSG00000004975	chr17:7069907 - 7078305	cytoplasm;identical protein binding;imaginal disc pattern formation;intracellular;intracellular signaling cascade;multicellular organismal development;signal transducer activity;Wnt receptor signaling pathway	Wnt
1857	DVL3	dishevelled, dsh homolog 3 (Drosophila)	NM_004423	NP_004414.3	ENSG00000161202	chr3:185356117 - 185371237	heart development;intracellular;intracellular signaling cascade;kinase activity;multicellular organismal development;nervous system development;protein binding;signal transducer activity;Wnt receptor signaling pathway	Wnt
2033	EP300	E1A binding protein p300	NM_001429	NP_001420.2	ENSG00000100393	chr22:39818954 - 39904906	acetyltransferase activity;apoptosis;cell cycle;heart development;histone acetylation;histone acetyltransferase activity;histone acetyltransferase complex;homeostatic process;lung development;metal ion binding;N-terminal peptidyl-lysine acetylation;nervous system development;nucleus;organ morphogenesis;positive regulation of transcription factor activity;positive regulation of transcription, DNA-dependent;protein C-terminus binding;response to hypoxia;signal transduction;somitogenesis;striated muscle develo	Androgen Receptor,  Kit Receptor,  NOTCH,  TGFBR,  Wnt,  Futreal et al 2004,  Mitelman 2000,  Translocation
8321	FZD1	frizzled homolog 1 (Drosophila)	NM_003505	NP_003496.1	ENSG00000157240	chr7:90732131 - 90734075	cell-cell signaling;epithelial cell differentiation;G-protein coupled receptor activity;G-protein coupled receptor protein signaling pathway;integral to membrane;membrane;multicellular organismal development;non-G-protein coupled 7TM receptor activity;protein binding;Wnt receptor signaling pathway	Wnt
2535	FZD2	frizzled homolog 2 (Drosophila)	NM_001466	NP_001457.1	ENSG00000180340	chr17:39990582 - 39992280	cell-cell signaling;epithelial cell differentiation;establishment of tissue polarity;G-protein coupled receptor activity;G-protein coupled receptor protein signaling pathway;integral to plasma membrane;membrane;multicellular organismal development;non-G-protein coupled 7TM receptor activity;protein binding;receptor activity;Wnt receptor signaling pathway	Wnt
8322	FZD4	frizzled homolog 4 (Drosophila)	NM_012193	NP_036325.2	ENSG00000174804	chr11:86339831 - 86343775	G-protein coupled receptor activity;G-protein coupled receptor protein signaling pathway;integral to membrane;membrane;multicellular organismal development;non-G-protein coupled 7TM receptor activity;protein binding;receptor activity;Wnt receptor activity;Wnt receptor signaling pathway	Wnt
7855	FZD5	frizzled homolog 5 (Drosophila)	NM_003468	NP_003459.2	ENSG00000163251	chr2:208339950 - 208341708	cell maturation;establishment of tissue polarity;G-protein coupled receptor activity;G-protein coupled receptor protein signaling pathway;integral to plasma membrane;membrane;multicellular organismal development;non-G-protein coupled 7TM receptor activity;protein binding;receptor activity;Wnt receptor signaling pathway	Wnt
8323	FZD6	frizzled homolog 6 (Drosophila)	NM_003506	NP_003497.2	ENSG00000164930	chr8:104381511 - 104412913	apical part of cell;establishment of planar polarity;G-protein coupled receptor activity;G-protein coupled receptor protein signaling pathway;inner ear morphogenesis;integral to plasma membrane;membrane;multicellular organismal development;neural tube closure;non-G-protein coupled 7TM receptor activity;receptor activity;Wnt receptor activity;Wnt receptor signaling pathway	Wnt
8324	FZD7	frizzled homolog 7 (Drosophila)	NM_003507	NP_003498.1	ENSG00000155760	chr2:202607615 - 202609340	G-protein coupled receptor activity;G-protein coupled receptor protein signaling pathway;integral to membrane;multicellular organismal development;non-G-protein coupled 7TM receptor activity;plasma membrane;receptor activity;Wnt receptor activity;Wnt receptor signaling pathway	Wnt
8325	FZD8	frizzled homolog 8 (Drosophila)	NM_031866	NP_114072.1	ENSG00000177283	chr10:35968278 - 35970363	G-protein coupled receptor activity;G-protein coupled receptor protein signaling pathway;integral to membrane;membrane;multicellular organismal development;non-G-protein coupled 7TM receptor activity;receptor activity;Wnt receptor activity;Wnt receptor signaling pathway;Wnt-protein binding	Wnt
8326	FZD9	frizzled homolog 9 (Drosophila)	NM_003508	NP_003499.1	ENSG00000188763	chr7:72486273 - 72488049	G-protein coupled receptor activity;G-protein coupled receptor protein signaling pathway;integral to membrane;learning and/or memory;multicellular organismal development;nervous system development;neuroblast proliferation (sensu Vertebrata);non-G-protein coupled 7TM receptor activity;plasma membrane;receptor activity;Wnt receptor activity;Wnt receptor signaling pathway	Wnt
2932	GSK3B	glycogen synthase kinase 3 beta	NM_002093	NP_002084.2	ENSG00000082701	chr3:121028324 - 121294971	ATP binding;beta-catenin destruction complex;cytoplasm;ER overload response;glycogen metabolic process;glycogen synthase kinase 3 activity;negative regulation of apoptosis;NF-kappaB binding;nucleotide binding;nucleus;p53 binding;peptidyl-serine phosphorylation;positive regulation of protein export from nucleus;transferase activity;Wnt receptor signaling pathway through beta-catenin	NOTCH,  TNF_alpha_NF_kB,  Wnt,  Protein Kinase,  Stability,  Tumor Suppressor,  Entrez Query:Oncogene
28996	HIPK2	homeodomain interacting protein kinase 2	NM_022740, NM_001113239	NP_073577.3, NP_001106710.1	ENSG00000064393	chr7:138908212 - 139123891	apoptosis;ATP binding;cytoplasm;induction of apoptosis by intracellular signals;nuclear body;nucleotide binding;nucleus;positive regulation of JNK cascade;positive regulation of transforming growth factor beta receptor signaling pathway;protein amino acid phosphorylation;protein binding;protein serine/threonine kinase activity;regulation of progression through cell cycle;regulation of transcription, DNA-dependent;transcription;transcription corepressor activity;transferase activity;virion binding;virus-host	Wnt,  Protein Kinase,  Stability,  Tumor Suppressor
51176	LEF1	lymphoid enhancer-binding factor 1	NM_016269	NP_057353.1	ENSG00000138795	chr4:109204233 - 109308372	DNA bending activity;DNA binding;nucleus;protein binding;regulation of transcription, DNA-dependent;sequence-specific DNA binding;transcription;Wnt receptor signaling pathway	NOTCH,  TGFBR,  Wnt
4035	LRP1	low density lipoprotein-related protein 1 (alpha-2-macroglobulin receptor)	NM_002332	NP_002323.2	ENSG00000123384	chr12:55809014 - 55892605	calcium ion binding;cell proliferation;coated pit;endocytosis;integral to plasma membrane;lipid metabolic process;lipid transporter activity;lipoprotein binding;membrane;membrane fraction;multicellular organismal development;negative regulation of Wnt receptor signaling pathway;nucleus;receptor activity	Wnt,  Protein Kinase
4041	LRP5	low density lipoprotein receptor-related protein 5	NM_002335	NP_002326.2	ENSG00000162337	chr11:67836758 - 67973114	anterior/posterior pattern formation;cell migration involved in gastrulation;embryonic digit morphogenesis;endocytosis;gastrulation (sensu Mammalia);integral to membrane;lipid metabolic process;membrane;mitochondrion;multicellular organismal development;positive regulation of cell proliferation;receptor activity;signal transduction;Wnt receptor signaling pathway	Wnt
4040	LRP6	low density lipoprotein receptor-related protein 6	NM_002336	NP_002327.2	ENSG00000070018	chr12:12165326 - 12310936	anterior/posterior pattern formation;cell migration involved in gastrulation;embryonic digit morphogenesis;embryonic forelimb morphogenesis;embryonic hindlimb morphogenesis;endocytosis;gastrulation (sensu Mammalia);integral to membrane;low-density lipoprotein receptor activity;membrane fraction;multicellular organismal development;negative regulation of Wnt receptor signaling pathway;plasma membrane;protein binding;receptor activity;Wnt receptor signaling pathway	Wnt
260425	MAGI3	membrane associated guanylate kinase, WW and PDZ domain containing 3	NM_152900	NP_690864.2	ENSG00000081026	chr1:113735178 - 114026406	apoptosis;guanylate kinase activity;intracellular signaling cascade;kinase activity;membrane;protein binding	Wnt
4131	MAP1B	microtubule-associated protein 1B	NM_005909	NP_005900.2	ENSG00000131711	chr5:71439114 - 71536822	dendrite development;microtubule;microtubule associated complex;microtubule bundle formation;protein binding;structural molecule activity	Wnt,  Tumor Suppressor
4216	MAP3K4	mitogen-activated protein kinase kinase kinase 4	NM_005922, NM_006724	NP_005913.2, NP_006715.2	ENSG00000085511	chr6:161332953 - 161457892	activation of MAPKK activity;ATP binding;JNK cascade;magnesium ion binding;MAP kinase kinase kinase activity;nucleotide binding;protein amino acid phosphorylation;protein serine/threonine kinase activity;response to stress;transferase activity	EGFR1,  Wnt,  Protein Kinase,  Tumor Suppressor
6885	MAP3K7	mitogen-activated protein kinase kinase kinase 7	NM_145331, NM_145332, NM_145333, NM_003188	NP_663304.1, NP_663305.1, NP_663306.1, NP_003179.1	ENSG00000135341	chr6:91282940 - 91353323	activation of NF-kappaB-inducing kinase;ATP binding;kinase activity;magnesium ion binding;MAP kinase kinase kinase activity;nucleotide binding;positive regulation of T cell activation;positive regulation of T cell cytokine production;protein amino acid phosphorylation;protein binding;protein serine/threonine kinase activity;protein-tyrosine kinase activity;T cell receptor signaling pathway;transferase activity;transforming growth factor beta receptor signaling pathway	TGFBR,  Wnt,  Protein Kinase,  Stability,  Tumor Suppressor
5599	MAPK8	mitogen-activated protein kinase 8	NM_139049, NM_139047, NM_002750, NM_139046	NP_620637.1, NP_620635.1, NP_002741.1, NP_620634.1	ENSG00000107643	chr10:49279709 - 49313078	ATP binding;cell motility;JUN kinase activity;JUN phosphorylation;MAP kinase activity;negative regulation of apoptosis;nucleotide binding;protein amino acid phosphorylation;protein binding;protein serine/threonine kinase activity;response to stress;response to UV;signal transduction;transferase activity	EGFR1,  TGFBR,  Wnt,  Protein Kinase,  Tumor Suppressor
9479	MAPK8IP1	mitogen-activated protein kinase 8 interacting protein 1	NM_005456	NP_005447.1	ENSG00000121653	chr11:45863947 - 45883848	cytoplasm;kinase activity;kinesin binding;MAP-kinase scaffold activity;protein binding;protein kinase binding;protein kinase inhibitor activity;regulation of JNK cascade;vesicle-mediated transport	Wnt,  Stability
2011	MARK2	MAP/microtubule affinity-regulating kinase 2	NM_001039469, NM_017490, NM_004954, NM_001039468	NP_001034558.1, NP_059672.2, NP_004945.3, NP_001034557.1	ENSG00000072518	chr11:63419251 - 63433285	ATP binding;cell differentiation;establishment and/or maintenance of epithelial cell polarity;kinase activity;magnesium ion binding;membrane;microtubule cytoskeleton;multicellular organismal development;nucleotide binding;protein amino acid phosphorylation;protein binding;protein kinase cascade;protein serine/threonine kinase activity;transferase activity	TNF_alpha_NF_kB,  Wnt,  Protein Kinase,  Stability
85407	NKD1	naked cuticle homolog 1 (Drosophila)	NM_033119	NP_149110.1	ENSG00000140807	chr16:49139965 - 49225193	calcium ion binding	Wnt
51701	NLK	nemo-like kinase	NM_016231	NP_057315.3	ENSG00000087095	chr17:23394026 - 23545789	ATP binding;magnesium ion binding;MAP kinase activity;negative regulation of Wnt receptor signaling pathway;nucleotide binding;nucleus;protein amino acid autophosphorylation;protein binding;protein kinase cascade;protein serine/threonine kinase activity;regulation of transcription, DNA-dependent;transferase activity	Wnt,  Protein Kinase
2516	NR5A1	nuclear receptor subfamily 5, group A, member 1	NM_004959	NP_004950.2	ENSG00000136931	chr9:126284857 - 126305495	adrenal gland development;cell-cell signaling;gonad development;ligand-dependent nuclear receptor activity;lipid binding;male gonad development;metal ion binding;molecular_function;nucleus;primary sex determination;protein binding;receptor activity;regulation of steroid biosynthetic process;regulation of transcription from RNA polymerase II promoter;regulation of transcription, DNA-dependent;sequence-specific DNA binding;signal transduction;steroid binding;steroid hormone receptor activity;transcription;tra	Androgen Receptor,  Wnt
5076	PAX2	paired box gene 2	NM_003989, NM_003987, NM_003988, NM_003990, NM_000278	NP_003980.2, NP_003978.2, NP_003979.2, NP_003981.2, NP_000269.2	ENSG00000075891	chr10:102496007 - 102577430	axonogenesis;cell differentiation;DNA binding;multicellular organismal development;nucleus;regulation of transcription, DNA-dependent;transcription;transcription from RNA polymerase II promoter;visual perception	ID,  Wnt,  Entrez Query:Oncogene
51588	PIAS4	protein inhibitor of activated STAT, 4	NM_015897	NP_056981.2	ENSG00000105229	chr19:3958758 - 3988873	DNA binding;metal ion binding;multicellular organismal development;negative regulation of transcription;negative regulation of transcription from RNA polymerase II promoter;nuclear matrix;nucleus;protein binding;protein sumoylation;regulation of transcription, DNA-dependent;SUMO ligase activity;transcription;transcription corepressor activity;ubiquitin cycle;zinc ion binding	Androgen Receptor,  Wnt,  Stability
5300	PIN1	protein (peptidylprolyl cis/trans isomerase) NIMA-interacting 1	NM_006221	NP_006212.1	ENSG00000127445	chr19:9807020 - 9820875	cell cycle;isomerase activity;nucleus;peptidyl-prolyl cis-trans isomerase activity;protein binding;protein folding;regulation of mitosis	Wnt,  Stability
5515	PPP2CA	protein phosphatase 2 (formerly 2A), catalytic subunit, alpha isoform	NM_002715	NP_002706.1	ENSG00000113575	chr5:133561361 - 133589451	ceramide metabolic process;cytoplasm;cytosol;hydrolase activity;inactivation of MAPK activity;induction of apoptosis;iron ion binding;manganese ion binding;mesoderm development;metal ion binding;microtubule cytoskeleton;mitochondrion;negative regulation of cell growth;negative regulation of tyrosine phosphorylation of Stat3 protein;nucleus;phosphoprotein phosphatase activity;plasma membrane;protein amino acid dephosphorylation;protein binding;protein heterodimerization activity;protein phosphatase type 2A c	TNF_alpha_NF_kB,  Wnt,  Stability
5526	PPP2R5B	protein phosphatase 2, regulatory subunit B', beta isoform	NM_006244	NP_006235.1	ENSG00000068971	chr11:64449782 - 64457892	cytoplasm;protein phosphatase type 2A complex;protein phosphatase type 2A regulator activity;signal transduction	Wnt
5578	PRKCA	protein kinase C, alpha	NM_002737	NP_002728.1	ENSG00000154229	chr17:61729431 - 62230617	ATP binding;calcium ion binding;cell surface receptor linked signal transduction;diacylglycerol binding;induction of apoptosis by extracellular signals;intracellular signaling cascade;membrane fraction;nucleotide binding;protein amino acid phosphorylation;protein binding;protein kinase C activity;regulation of progression through cell cycle;transferase activity;zinc ion binding	Alpha6Beta4 Integrin,  EGFR1,  Kit Receptor,  Wnt,  Protein Kinase
5579	PRKCB1	protein kinase C, beta 1	NM_212535, NM_002738	NP_997700.1, NP_002729.2	ENSG00000166501	chr16:23754997 - 24133638	ATP binding;calcium channel regulator activity;calcium ion binding;calcium ion homeostasis;calcium ion transport;cytoplasm;diacylglycerol binding;intracellular signaling cascade;nucleotide binding;nucleus;plasma membrane;protein amino acid phosphorylation;protein binding;protein kinase C activity;transferase activity;zinc ion binding	EGFR1,  Kit Receptor,  TGFBR,  Wnt,  Protein Kinase
5582	PRKCG	protein kinase C, gamma	NM_002739	NP_002730.1	ENSG00000126583	chr19:59077560 - 59101961	ATP binding;calcium ion binding;cell death;diacylglycerol binding;intracellular signaling cascade;negative regulation of protein catabolic process;negative regulation of protein ubiquitination;nucleotide binding;positive regulation of mismatch repair;protein amino acid phosphorylation;protein kinase C activity;transferase activity;zinc ion binding	EGFR1,  TGFBR,  Wnt,  Protein Kinase
5879	RAC1	ras-related C3 botulinum toxin substrate 1 (rho family, small GTP binding protein Rac1)	NM_018890	NP_061485.1	ENSG00000136238	chr7:6380891 - 6408602	actin filament polymerization;anatomical structure morphogenesis;cell adhesion;cell migration;cytoplasm;cytoplasmic membrane-bound vesicle;cytoskeleton organization and biogenesis;dendrite development;endocytosis;extrinsic to plasma membrane;GTP binding;GTP-dependent protein binding;GTPase activity;hyperosmotic response;inflammatory response;intracellular;lamellipodium;lamellipodium biogenesis;membrane fraction;negative regulation of receptor mediated endocytosis;nucleotide binding;positive regulation of ac	Alpha6Beta4 Integrin,  EGFR1,  Wnt,  Stability
387	RHOA	ras homolog gene family, member A	NM_001664	NP_001655.1	ENSG00000067560	chr3:49372645 - 49388026	actin cytoskeleton organization and biogenesis;cytoskeleton;GTP binding;GTPase activity;intracellular;magnesium ion binding;membrane;nucleotide binding;positive regulation of I-kappaB kinase/NF-kappaB cascade;positive regulation of NF-kappaB import into nucleus;protein binding;Rho protein signal transduction;signal transducer activity;small GTPase mediated signal transduction	Alpha6Beta4 Integrin,  Wnt,  Stability,  Tumor Suppressor,  Entrez Query:Oncogene
4920	ROR2	receptor tyrosine kinase-like orphan receptor 2	NM_004560	NP_004551.2	ENSG00000169071	chr9:93525764 - 93752066	ATP binding;cartilage condensation;cell differentiation;embryonic genitalia morphogenesis;integral to plasma membrane;JNK cascade;membrane;multicellular organismal development;nucleotide binding;protein amino acid phosphorylation;protein binding;receptor activity;signal transduction;skeletal development;somitogenesis;transferase activity;transmembrane receptor protein tyrosine kinase activity;Wnt receptor signaling pathway, calcium modulating pathway	Wnt,  Protein Kinase,  Tyrosine Kinase
860	RUNX2	runt-related transcription factor 2	NM_004348, NM_001015051, NM_001024630	NP_004339.3, NP_001015051.2, NP_001019801.2	ENSG00000124813	chr6:45404037 - 45623020	ATP binding;negative regulation of transcription;nucleus;osteoblast differentiation;protein binding;regulation of transcription, DNA-dependent;RNA polymerase II transcription factor activity;transcription;transcription factor activity;transcriptional activator activity	Androgen Receptor,  TGFBR,  Wnt,  Entrez Query:Oncogene
8607	RUVBL1	RuvB-like 1 (E. coli)	NM_003707	NP_003698.1	ENSG00000175792	chr3:129282782 - 129325257	ATP binding;ATPase activity;cell cycle;cell division;chromatin modification;DNA helicase activity;DNA recombination;hydrolase activity;mitosis;NuA4 histone acetyltransferase complex;nucleoside-triphosphatase activity;nucleotide binding;nucleus;protein binding;regulation of cell growth;regulation of transcription from RNA polymerase II promoter;spermatogenesis;transcription	Wnt
6299	SALL1	sal-like 1 (Drosophila)	NM_002968, NM_001127892	NP_002959.2, NP_001121364.1	ENSG00000103449	chr16:49728888 - 49742653	anatomical structure morphogenesis;inductive cell-cell signaling;intracellular;metal ion binding;nucleus;regulation of transcription, DNA-dependent;transcription;transcription factor activity;ureteric bud development;zinc ion binding	Wnt
59343	SENP2	SUMO1/sentrin/SMT3 specific peptidase 2	NM_021627	NP_067640.2	ENSG00000163904	chr3:186786895 - 186830326	cysteine-type peptidase activity;nuclear pore;nucleus;protein binding;protein desumoylation;proteolysis;regulation of Wnt receptor signaling pathway;SUMO-specific protease activity;ubiquitin cycle	Wnt
6422	SFRP1	secreted frizzled-related protein 1	NM_003012	NP_003003.3	ENSG00000104332	chr8:41241842 - 41285835	anatomical structure morphogenesis;anti-apoptosis;cell differentiation;extracellular space;multicellular organismal development;signal transduction;Wnt receptor signaling pathway	Wnt,  Tumor Suppressor
6423	SFRP2	secreted frizzled-related protein 2	NM_003013	NP_003004.1	ENSG00000145423	chr4:154922052 - 154929437	cell differentiation;multicellular organismal development;somitogenesis;Wnt receptor signaling pathway	Wnt
6500	SKP1	S-phase kinase-associated protein 1A (p19A)	NM_170679, NM_006930	NP_733779.1, NP_008861.2	ENSG00000113558	chr5:133521322 - 133537612	biological_process;cellular_component;molecular_function;protein binding;ubiquitin cycle	NOTCH,  TGFBR,  TNF_alpha_NF_kB,  Wnt
4088	SMAD3	SMAD family member 3	NM_005902	NP_005893.1	ENSG00000166949	chr15:65145546 - 65269928	double-stranded DNA binding;intracellular;mesoderm formation;negative regulation of transcription from RNA polymerase II promoter;nucleus;paraxial mesoderm morphogenesis;plasma membrane;positive regulation of transcription from RNA polymerase II promoter;regulation of binding;regulation of epithelial cell proliferation;regulation of immune response;regulation of striated muscle development;regulation of transforming growth factor beta receptor signaling pathway;T cell activation;transcription;transcription 	Alpha6Beta4 Integrin,  Androgen Receptor,  EGFR1,  ID,  NOTCH,  TGFBR,  Wnt,  Protein Kinase,  Stability,  Tumor Suppressor
4089	SMAD4	SMAD family member 4	NM_005359	NP_005350.1	ENSG00000141646	chr18:46827414 - 46858835	anterior/posterior pattern formation;cytoplasm;gastrulation (sensu Mammalia);intracellular;kidney development;negative regulation of cell proliferation;nucleus;positive regulation of transcription from RNA polymerase II promoter;protein binding;regulation of binding;SMAD protein complex assembly;transcription;transcription cofactor activity;transcription factor activity;transcription factor complex;transcriptional activator activity;ureteric bud branching	Androgen Receptor,  NOTCH,  TGFBR,  Wnt,  Futreal et al 2004,  Vogelstein and Kinzler 2004,  Stability,  Tumor Suppressor,  Frameshift mutation,  Large deletion,  Missense mutation,  Nonsense mutation
6656	SOX1	SRY (sex determining region Y)-box 1	NM_005986	NP_005977.2	ENSG00000182968	chr13:111769973 - 111771149	DNA binding;establishment and/or maintenance of chromatin architecture;nucleus;regulation of transcription, DNA-dependent;transcription factor activity	Wnt
30851	TAX1BP3	Tax1 (human T-cell leukemia virus type I) binding protein 3	NM_014604	NP_055419.1	ENSG00000108392	chr17:3513790 - 3518569	ATP binding;cytoplasm;integral to membrane;ion channel activity;ion transport;membrane;negative regulation of Wnt receptor signaling pathway;nucleus;protein binding;receptor activity;Rho protein signal transduction;Wnt receptor signaling pathway	Wnt
6908	TBP	TATA box binding protein	NM_003194	NP_003185.1	ENSG00000112592	chr6:170708042 - 170723278	binding;cell death;DNA binding;general RNA polymerase II transcription factor activity;nucleus;protein binding;regulation of transcription, DNA-dependent;RNA polymerase II transcription factor activity;transcription;transcription factor TFIID complex;transcription initiation from RNA polymerase II promoter	Wnt,  Stability
6929	TCF3	transcription factor 3 (E2A immunoglobulin enhancer binding factors E12/E47)	NM_003200	NP_003191.1	ENSG00000071564	chr19:1562705 - 1601247	B cell lineage commitment;nucleus;positive regulation of transcription, DNA-dependent;protein binding;protein heterodimerization activity;protein homodimerization activity;regulation of transcription;transcription factor activity;transcription regulator activity	ID,  NOTCH,  Wnt,  Futreal et al 2004,  Mitelman 2000,  Tumor Suppressor,  Translocation
6925	TCF4	transcription factor 4	NM_003199, NM_001083962	NP_003190.1, NP_001077431.1	ENSG00000196628	chr18:51046453 - 51405345	beta-catenin binding;negative regulation of transcription from RNA polymerase II promoter;nucleus;positive regulation of transcription, DNA-dependent;protein heterodimerization activity;transcription corepressor activity;transcription factor activity;transcription factor complex	Wnt,  Tumor Suppressor
6934	TCF7L2	transcription factor 7-like 2 (T-cell specific, HMG-box)	NM_030756	NP_110383.2	ENSG00000148737	chr10:114700505 - 114915721	DNA binding;establishment and/or maintenance of chromatin architecture;nucleus;protein binding;regulation of progression through cell cycle;regulation of transcription from RNA polymerase II promoter;regulation of transcription, DNA-dependent;regulation of Wnt receptor signaling pathway;RNA polymerase II transcription factor activity;signal transduction;transcription;transcription factor activity	Wnt,  Protein Kinase
7020	TFAP2A	transcription factor AP-2 alpha (activating enhancer binding protein 2 alpha)	NM_001042425, NM_001032280, NM_003220	NP_001035890.1, NP_001027451.1, NP_003211.1	ENSG00000137203	chr6:10506635 - 10527669	ectoderm development;nucleus;protein dimerization activity;regulation of transcription from RNA polymerase II promoter;regulation of transcription, DNA-dependent;RNA polymerase II transcription factor activity, enhancer binding;signal transduction;transcription;transcription coactivator activity;transcription factor activity	Wnt,  Stability,  Tumor Suppressor
57216	VANGL2	vang-like 2 (van gogh, Drosophila)	NM_020335	NP_065068.1	ENSG00000162738	chr1:158652251 - 158661792	apical plasma membrane;apical protein localization;establishment of planar polarity;heart looping;integral to membrane;membrane;multicellular organismal development;neural tube closure;protein binding;sensory cilium biogenesis	Wnt
7471	WNT1	wingless-type MMTV integration site family, member 1	NM_005430	NP_005421.1	ENSG00000125084	chr12:47658700 - 47661690	anatomical structure morphogenesis;cell differentiation;cell fate specification;cell migration;central nervous system development;establishment and/or maintenance of cell polarity;extracellular region;multicellular organismal development;receptor binding;signal transducer activity;soluble fraction;spermatogenesis;Wnt receptor signaling pathway, calcium modulating pathway	Wnt,  Entrez Query:Oncogene
7472	WNT2	wingless-type MMTV integration site family member 2	NM_003391	NP_003382.1	ENSG00000105989	chr7:116705444 - 116750279	extracellular matrix structural constituent;extracellular region;multicellular organismal development;signal transducer activity;Wnt receptor signaling pathway, calcium modulating pathway	Wnt
7473	WNT3	wingless-type MMTV integration site family, member 3	NM_030753	NP_110380.1	ENSG00000108379	chr17:42200854 - 42250962	anatomical structure morphogenesis;cell-cell signaling;extracellular matrix structural constituent;extracellular region;multicellular organismal development;protein binding;proteinaceous extracellular matrix;signal transducer activity;Wnt receptor signaling pathway, calcium modulating pathway	Wnt,  Entrez Query:Oncogene
54361	WNT4	wingless-type MMTV integration site family, member 4	NM_030761	NP_110388.2	ENSG00000162552	chr1:22319129 - 22342002	cell-cell signaling;extracellular matrix structural constituent;extracellular region;multicellular organismal development;signal transducer activity;Wnt receptor signaling pathway, calcium modulating pathway	Wnt
7474	WNT5A	wingless-type MMTV integration site family, member 5A	NM_003392	NP_003383.2	ENSG00000114251	chr3:55479159 - 55496053	anatomical structure morphogenesis;cell-cell signaling;embryonic development;embryonic limb morphogenesis;extracellular region;extracellular space;JNK cascade;lung development;receptor binding;signal transducer activity;signal transduction;soluble fraction;Wnt receptor signaling pathway, calcium modulating pathway	Wnt,  Tumor Suppressor
7476	WNT7A	wingless-type MMTV integration site family, member 7A	NM_004625	NP_004616.2	ENSG00000154764	chr3:13835441 - 13896314	anatomical structure morphogenesis;cell-cell signaling;cerebellar granule cell differentiation;dorsal/ventral pattern formation;embryonic forelimb morphogenesis;embryonic hindlimb morphogenesis;extracellular region;extracellular space;multicellular organismal development;positive regulation of synaptogenesis;receptor binding;regulation of axon diameter;reproductive structure development;sex differentiation;signal transducer activity;signal transduction;skeletal morphogenesis;skin morphogenesis;Wnt receptor 	Wnt,  Entrez Query:Oncogene
